﻿<?xml version="1.0" encoding="utf-8"?>
<AzureRmConfig xmlns:xsi="http://www.w3.org/2001/XMLSchema-instance"
            xmlns:xsd="http://www.w3.org/2001/XMLSchema"
            xmlns="http://schemas.microsoft.com/HpcAzureRmConfiguration/2017/07"
            Version="5.1.1"
>
  <ImageList>
    <VMImage Publisher="MicrosoftWindowsServerHPCPack" Offer="WindowsServerHPCPack" Sku="2016U1CN-WS2012R2" OSType="Windows" Label="CN on Windows Server 2012 R2"/>
    <VMImage Publisher="MicrosoftWindowsServerHPCPack" Offer="WindowsServerHPCPack" Sku="2016U1CN-WS2016" OSType="Windows" Label="CN on Windows Server 2016"/>
    <VMImage Publisher="MicrosoftWindowsServerHPCPack" Offer="WindowsServerHPCPack" Sku="2016U1CN-WS2012R2-Excel" OSType="Windows" Label="CN with Excel on Windows Server 2012 R2"/>
    <VMImage Publisher="MicrosoftWindowsServerHPCPack" Offer="WindowsServerHPCPack" Sku="2016U1CN-WS2016-Excel" OSType="Windows" Label="CN with Excel on Windows Server 2016"/>
    <VMImage Publisher="OpenLogic" Offer="CentOS" Sku="7.3" OSType="Linux" Label="CentOS-based 7.3"/>
    <VMImage Publisher="OpenLogic" Offer="CentOS-HPC" Sku="7.3" OSType="Linux" Label="CentOS-based 7.3 for HPC"/>
    <VMImage Publisher="SUSE" Offer="SLES" Sku="12-SP1" OSType="Linux" Label="SLES 12 SP1"/>
    <VMImage Publisher="SUSE" Offer="SLES-HPC" Sku="12-SP1" OSType="Linux" Label="SLES 12 SP1 for HPC"/>
    <VMImage Publisher="SUSE" Offer="SLES-Priority" Sku="12-SP1" OSType="Linux" Label="SLES 12 SP1(Premium)"/>
    <VMImage Publisher="SUSE" Offer="SLES-HPC-Priority" Sku="12-SP1" OSType="Linux" Label="SLES 12 SP1 for HPC(Premium)"/>
    <VMImage Publisher="RedHat" Offer="RHEL" Sku="7.3" OSType="Linux" Label="Red Hat Enterprise Linux 7.3"/>
    <VMImage Publisher="Canonical" Offer="UbuntuServer" Sku="16.04.0-LTS" OSType="Linux" Label="Ubuntu Server 16.04 LTS"/>
  </ImageList>
</AzureRmConfig>